[
  {
    "id": "contact_66e1a2b4c5d6e1",
    "name": "Meera Singh",
    "email": "meera.singh@email.com",
    "message": "I love what Weeho is doing to promote Indian culture. Keep up the great work!",
    "date": "2025-09-05 09:30:00",
    "timestamp": 1725509400,
    "status": "new"
  },
  {
    "id": "contact_66e1a2b4c5d7f1",
    "name": "Vikram Gupta",
    "email": "vikram.gupta@email.com",
    "message": "Would love to collaborate with Weeho for organizing cultural events in Pune.",
    "date": "2025-09-05 12:45:00",
    "timestamp": 1725521100,
    "status": "new"
  }
]
