[
  {
    "id": "feedback_66e1a2b4c5d6e1",
    "eventId": "event_66e1a2b4c5d6e",
    "name": "Priya Sharma",
    "rating": 5,
    "feedback": "Absolutely mesmerizing performance! The classical music evening was a spiritual experience.",
    "date": "2025-09-05 14:30:00",
    "timestamp": 1725527400
  },
  {
    "id": "feedback_66e1a2b4c5d7f1",
    "eventId": "event_66e1a2b4c5d7f",
    "name": "Rajesh Kumar",
    "rating": 4,
    "feedback": "Great folk dance festival. The energy and colors were amazing!",
    "date": "2025-09-05 15:45:00",
    "timestamp": 1725531900
  },
  {
    "id": "feedback_66e1a2b4c5d8g1",
    "eventId": "event_66e1a2b4c5d8g",
    "name": "Anita Desai",
    "rating": 5,
    "feedback": "The poetry night touched my soul. Beautiful verses and wonderful atmosphere.",
    "date": "2025-09-05 16:20:00",
    "timestamp": 1725534000
  }
]
